<?xml version="1.0" encoding="UTF-8" standalone="yes"?>
<addon id="repository.jijiflix"
       name="JijiFlix Repository"
       version="1.0.0"
       provider-name="jiji">
    <extension point="xbmc.addon.repository">
        <dir>
            <info>https://raw.githubusercontent.com/notcoyotee/jijiflix-repo/main/addons.xml</info>
            <checksum>https://raw.githubusercontent.com/notcoyotee/jijiflix-repo/main/addons.xml.md5</checksum>
            <datadir>https://raw.githubusercontent.com/notcoyotee/jijiflix-repo/main/</datadir>
        </dir>
    </extension>
    <extension point="xbmc.addon.metadata">
        <summary>Repository for JijiFlix Addon</summary>
        <platform>all</platform>
    </extension>
</addon>
